[
{
  "name": "FabExpress Gulshan Grand - Nr Gateway of India",
  "location": "Colaba, Mumbai (Mumbai Historical And Heritage)",
  "url": "https://www.booking.com/hotel/in/fabexpress-gg-grand-nr-gateway-of-india.en-gb.html?aid=304142&label=gen173nr-10CAQoggJCDXNlYXJjaF9tdW1iYWlICVgEaGyIAQGYATO4ARfIAQzYAQPoAQH4AQGIAgGoAgG4AsCN0sQGwAIB0gIkOWIxMjYzYTktNGI5Yy00ODRiLTg1YTMtNmM0NjU4ZTc4ZGU32AIB4AIB&ucfs=1&arphpl=1&checkin=2025-08-20&checkout=2025-08-22&group_adults=2&req_adults=2&no_rooms=1&group_children=0&req_children=0&hpos=1&hapos=1&sr_order=popularity&srpvid=b7054d20ed6c038a&srepoch=1754564290&all_sr_blocks=1363580601_410204319_0_0_0_880133&highlighted_blocks=1363580601_410204319_0_0_0_880133&matching_block_id=1363580601_410204319_0_0_0_880133&sr_pri_blocks=1363580601_410204319_0_0_0_880133_681265&from=searchresults",
  "image_url": "https://cf.bstatic.com/xdata/images/hotel/square240/655783640.webp?k=749249705e11ba222a480ee7505514cc9ebed19e1119d7df668c498ba446e59f&o=",
  "price": "6,813",
  "price_numeric": 6813.0,
  "rating": null,
  "rating_numeric": null,
  "reviews_count": null,
  "reviews_count_numeric": null,
  "source": "html",
  "scraped_at": "2025-08-07T16:28:10.057326",
  "search_destination": "Mumbai",
  "search_checkin": "2025-08-20",
  "search_checkout": "2025-08-22"
},
{
  "name": "Radisson Blu Mumbai International Airport",
  "location": "Western Suburbs, Mumbai (Andheri)",
  "url": "https://www.booking.com/hotel/in/radisson-blu-mumbai-international-airport.en-gb.html?aid=304142&label=gen173nr-10CAQoggJCDXNlYXJjaF9tdW1iYWlICVgEaGyIAQGYATO4ARfIAQzYAQPoAQH4AQGIAgGoAgG4AsCN0sQGwAIB0gIkOWIxMjYzYTktNGI5Yy00ODRiLTg1YTMtNmM0NjU4ZTc4ZGU32AIB4AIB&ucfs=1&arphpl=1&checkin=2025-08-20&checkout=2025-08-22&group_adults=2&req_adults=2&no_rooms=1&group_children=0&req_children=0&hpos=2&hapos=2&sr_order=popularity&srpvid=b7054d20ed6c038a&srepoch=1754564290&all_sr_blocks=683218602_279330376_2_42_0&highlighted_blocks=683218602_279330376_2_42_0&matching_block_id=683218602_279330376_2_42_0&sr_pri_blocks=683218602_279330376_2_42_0__1899900&from=searchresults",
  "image_url": "https://cf.bstatic.com/xdata/images/hotel/square240/461631279.webp?k=65c9999967317be94d6e4944fdb9ea56224f8a3acf26254f0349b738a2158300&o=",
  "price": "18,999",
  "price_numeric": 18999.0,
  "rating": null,
  "rating_numeric": null,
  "reviews_count": null,
  "reviews_count_numeric": null,
  "source": "html",
  "scraped_at": "2025-08-07T16:28:10.058107",
  "search_destination": "Mumbai",
  "search_checkin": "2025-08-20",
  "search_checkout": "2025-08-22"
},
{
  "name": "Ramada Plaza By Wyndham Palm Grove",
  "location": "Juhu, Mumbai (Western Suburbs)",
  "url": "https://www.booking.com/hotel/in/ramada-plaza-palm-grove.en-gb.html?aid=304142&label=gen173nr-10CAQoggJCDXNlYXJjaF9tdW1iYWlICVgEaGyIAQGYATO4ARfIAQzYAQPoAQH4AQGIAgGoAgG4AsCN0sQGwAIB0gIkOWIxMjYzYTktNGI5Yy00ODRiLTg1YTMtNmM0NjU4ZTc4ZGU32AIB4AIB&ucfs=1&arphpl=1&checkin=2025-08-20&checkout=2025-08-22&group_adults=2&req_adults=2&no_rooms=1&group_children=0&req_children=0&hpos=3&hapos=3&sr_order=popularity&srpvid=b7054d20ed6c038a&srepoch=1754564290&all_sr_blocks=24680611_410217930_2_2_0&highlighted_blocks=24680611_410217930_2_2_0&matching_block_id=24680611_410217930_2_2_0&sr_pri_blocks=24680611_410217930_2_2_0__1720940&from=searchresults",
  "image_url": "https://cf.bstatic.com/xdata/images/hotel/square240/640610553.webp?k=a2c8b737c857a16a7226e6aef39d9b5623c94bb320ac07d4788172cfe26ab816&o=",
  "price": "17,209",
  "price_numeric": 17209.0,
  "rating": null,
  "rating_numeric": null,
  "reviews_count": null,
  "reviews_count_numeric": null,
  "source": "html",
  "scraped_at": "2025-08-07T16:28:10.058818",
  "search_destination": "Mumbai",
  "search_checkin": "2025-08-20",
  "search_checkout": "2025-08-22"
},
{
  "name": "Taj Santacruz",
  "location": "Mumbai",
  "url": "https://www.booking.com/hotel/in/taj-santacruz.en-gb.html?aid=304142&label=gen173nr-10CAQoggJCDXNlYXJjaF9tdW1iYWlICVgEaGyIAQGYATO4ARfIAQzYAQPoAQH4AQGIAgGoAgG4AsCN0sQGwAIB0gIkOWIxMjYzYTktNGI5Yy00ODRiLTg1YTMtNmM0NjU4ZTc4ZGU32AIB4AIB&ucfs=1&arphpl=1&checkin=2025-08-20&checkout=2025-08-22&group_adults=2&req_adults=2&no_rooms=1&group_children=0&req_children=0&hpos=4&hapos=4&sr_order=popularity&srpvid=b7054d20ed6c038a&srepoch=1754564290&all_sr_blocks=154823707_406992302_2_34_0&highlighted_blocks=154823707_406992302_2_34_0&matching_block_id=154823707_406992302_2_34_0&sr_pri_blocks=154823707_406992302_2_34_0__2440000&from_sustainable_property_sr=1&from=searchresults",
  "image_url": "https://cf.bstatic.com/xdata/images/hotel/square240/125011716.webp?k=35a2f03c7cf7597d5ba49b4612ab88751144adfbd2f3739787d4380f388e9242&o=",
  "price": "24,400",
  "price_numeric": 24400.0,
  "rating": null,
  "rating_numeric": null,
  "reviews_count": null,
  "reviews_count_numeric": null,
  "source": "html",
  "scraped_at": "2025-08-07T16:28:10.059521",
  "search_destination": "Mumbai",
  "search_checkin": "2025-08-20",
  "search_checkout": "2025-08-22"
},
{
  "name": "The Leela Mumbai",
  "location": "Western Suburbs, Mumbai (Andheri)",
  "url": "https://www.booking.com/hotel/in/the-leela-mumbai.en-gb.html?aid=304142&label=gen173nr-10CAQoggJCDXNlYXJjaF9tdW1iYWlICVgEaGyIAQGYATO4ARfIAQzYAQPoAQH4AQGIAgGoAgG4AsCN0sQGwAIB0gIkOWIxMjYzYTktNGI5Yy00ODRiLTg1YTMtNmM0NjU4ZTc4ZGU32AIB4AIB&ucfs=1&arphpl=1&checkin=2025-08-20&checkout=2025-08-22&group_adults=2&req_adults=2&no_rooms=1&group_children=0&req_children=0&hpos=5&hapos=5&sr_order=popularity&srpvid=b7054d20ed6c038a&srepoch=1754564290&all_sr_blocks=24995130_416097024_2_42_0&highlighted_blocks=24995130_416097024_2_42_0&matching_block_id=24995130_416097024_2_42_0&sr_pri_blocks=24995130_416097024_2_42_0__1990000&from=searchresults",
  "image_url": "https://cf.bstatic.com/xdata/images/hotel/square240/47218682.webp?k=68ff5ce5b0605a95a87a48244bdb85f8c99dacdc3ba79f94efbe0969038c51bc&o=",
  "price": "19,900",
  "price_numeric": 19900.0,
  "rating": null,
  "rating_numeric": null,
  "reviews_count": null,
  "reviews_count_numeric": null,
  "source": "html",
  "scraped_at": "2025-08-07T16:28:10.060227",
  "search_destination": "Mumbai",
  "search_checkin": "2025-08-20",
  "search_checkout": "2025-08-22"
},
{
  "name": "Four Seasons Hotel Mumbai",
  "location": "Worli, Mumbai",
  "url": "https://www.booking.com/hotel/in/four-seasons-mumbai.en-gb.html?aid=304142&label=gen173nr-10CAQoggJCDXNlYXJjaF9tdW1iYWlICVgEaGyIAQGYATO4ARfIAQzYAQPoAQH4AQGIAgGoAgG4AsCN0sQGwAIB0gIkOWIxMjYzYTktNGI5Yy00ODRiLTg1YTMtNmM0NjU4ZTc4ZGU32AIB4AIB&ucfs=1&arphpl=1&checkin=2025-08-20&checkout=2025-08-22&group_adults=2&req_adults=2&no_rooms=1&group_children=0&req_children=0&hpos=6&hapos=6&sr_order=popularity&srpvid=b7054d20ed6c038a&srepoch=1754564290&all_sr_blocks=29344011_407884527_2_41_0_1144333&highlighted_blocks=29344011_407884527_2_41_0_1144333&matching_block_id=29344011_407884527_2_41_0_1144333&sr_pri_blocks=29344011_407884527_2_41_0_1144333_3100000&from=searchresults",
  "image_url": "https://cf.bstatic.com/xdata/images/hotel/square240/472036509.webp?k=2c3f80f6f276045d369034b168e1f49d2d7c9de83c1d4913f365c8740b1ce79e&o=",
  "price": "31,000",
  "price_numeric": 31000.0,
  "rating": null,
  "rating_numeric": null,
  "reviews_count": null,
  "reviews_count_numeric": null,
  "source": "html",
  "scraped_at": "2025-08-07T16:28:10.061066",
  "search_destination": "Mumbai",
  "search_checkin": "2025-08-20",
  "search_checkout": "2025-08-22"
},
{
  "name": "Ginger Mumbai Airport",
  "location": "Western Suburbs, Mumbai (Western Suburbs)",
  "url": "https://www.booking.com/hotel/in/ginger-mumbai-airport.en-gb.html?aid=304142&label=gen173nr-10CAQoggJCDXNlYXJjaF9tdW1iYWlICVgEaGyIAQGYATO4ARfIAQzYAQPoAQH4AQGIAgGoAgG4AsCN0sQGwAIB0gIkOWIxMjYzYTktNGI5Yy00ODRiLTg1YTMtNmM0NjU4ZTc4ZGU32AIB4AIB&ucfs=1&arphpl=1&checkin=2025-08-20&checkout=2025-08-22&group_adults=2&req_adults=2&no_rooms=1&group_children=0&req_children=0&hpos=7&hapos=7&sr_order=popularity&srpvid=b7054d20ed6c038a&srepoch=1754564290&all_sr_blocks=1050137901_379553651_0_42_0&highlighted_blocks=1050137901_379553651_0_42_0&matching_block_id=1050137901_379553651_0_42_0&sr_pri_blocks=1050137901_379553651_0_42_0__1559800&from=searchresults",
  "image_url": "https://cf.bstatic.com/xdata/images/hotel/square240/533708472.webp?k=56f35a4e056d9e16ee37596769dc9f926b8f2e6e41041b7d0dd430ee006af6cf&o=",
  "price": "15,598",
  "price_numeric": 15598.0,
  "rating": null,
  "rating_numeric": null,
  "reviews_count": null,
  "reviews_count_numeric": null,
  "source": "html",
  "scraped_at": "2025-08-07T16:28:10.061698",
  "search_destination": "Mumbai",
  "search_checkin": "2025-08-20",
  "search_checkout": "2025-08-22"
},
{
  "name": "Hotel Bawa International",
  "location": "Western Suburbs, Mumbai (Western Suburbs)",
  "url": "https://www.booking.com/hotel/in/bawa-international.en-gb.html?aid=304142&label=gen173nr-10CAQoggJCDXNlYXJjaF9tdW1iYWlICVgEaGyIAQGYATO4ARfIAQzYAQPoAQH4AQGIAgGoAgG4AsCN0sQGwAIB0gIkOWIxMjYzYTktNGI5Yy00ODRiLTg1YTMtNmM0NjU4ZTc4ZGU32AIB4AIB&ucfs=1&arphpl=1&checkin=2025-08-20&checkout=2025-08-22&group_adults=2&req_adults=2&no_rooms=1&group_children=0&req_children=0&hpos=8&hapos=8&sr_order=popularity&srpvid=b7054d20ed6c038a&srepoch=1754564290&all_sr_blocks=24452610_370770432_2_2_0_776767&highlighted_blocks=24452610_370770432_2_2_0_776767&matching_block_id=24452610_370770432_2_2_0_776767&sr_pri_blocks=24452610_370770432_2_2_0_776767_1035000&from=searchresults",
  "image_url": "https://cf.bstatic.com/xdata/images/hotel/square240/78990736.webp?k=bfd2e7e387e2ba6fd667b4d7a4316170b8bf2f720e3efd1c5b62332099f74c44&o=",
  "price": "10,350",
  "price_numeric": 10350.0,
  "rating": null,
  "rating_numeric": null,
  "reviews_count": null,
  "reviews_count_numeric": null,
  "source": "html",
  "scraped_at": "2025-08-07T16:28:10.062240",
  "search_destination": "Mumbai",
  "search_checkin": "2025-08-20",
  "search_checkout": "2025-08-22"
},
{
  "name": "Indie Stays, BKC",
  "location": "Santacruz, Mumbai (Bandra Kurla Complex)",
  "url": "https://www.booking.com/hotel/in/indie-stays-mumbai.en-gb.html?aid=304142&label=gen173nr-10CAQoggJCDXNlYXJjaF9tdW1iYWlICVgEaGyIAQGYATO4ARfIAQzYAQPoAQH4AQGIAgGoAgG4AsCN0sQGwAIB0gIkOWIxMjYzYTktNGI5Yy00ODRiLTg1YTMtNmM0NjU4ZTc4ZGU32AIB4AIB&ucfs=1&arphpl=1&checkin=2025-08-20&checkout=2025-08-22&group_adults=2&req_adults=2&no_rooms=1&group_children=0&req_children=0&hpos=9&hapos=9&sr_order=popularity&srpvid=b7054d20ed6c038a&srepoch=1754564290&all_sr_blocks=476546602_261904314_2_1_0&highlighted_blocks=476546602_261904314_2_1_0&matching_block_id=476546602_261904314_2_1_0&sr_pri_blocks=476546602_261904314_2_1_0__1549900&from=searchresults",
  "image_url": "https://cf.bstatic.com/xdata/images/hotel/square240/194681073.webp?k=fde451a3af8794998be2531aa39ff815e4559e932c4dcea098dfe06e2e33e40b&o=",
  "price": "15,499",
  "price_numeric": 15499.0,
  "rating": null,
  "rating_numeric": null,
  "reviews_count": null,
  "reviews_count_numeric": null,
  "source": "html",
  "scraped_at": "2025-08-07T16:28:10.062850",
  "search_destination": "Mumbai",
  "search_checkin": "2025-08-20",
  "search_checkout": "2025-08-22"
},
{
  "name": "The Resort",
  "location": "Western Suburbs, Mumbai (Western Suburbs)",
  "url": "https://www.booking.com/hotel/in/the-resort.en-gb.html?aid=304142&label=gen173nr-10CAQoggJCDXNlYXJjaF9tdW1iYWlICVgEaGyIAQGYATO4ARfIAQzYAQPoAQH4AQGIAgGoAgG4AsCN0sQGwAIB0gIkOWIxMjYzYTktNGI5Yy00ODRiLTg1YTMtNmM0NjU4ZTc4ZGU32AIB4AIB&ucfs=1&arphpl=1&checkin=2025-08-20&checkout=2025-08-22&group_adults=2&req_adults=2&no_rooms=1&group_children=0&req_children=0&hpos=10&hapos=10&sr_order=popularity&srpvid=b7054d20ed6c038a&srepoch=1754564290&all_sr_blocks=42048701_88881758_2_41_0_830697&highlighted_blocks=42048701_88881758_2_41_0_830697&matching_block_id=42048701_88881758_2_41_0_830697&sr_pri_blocks=42048701_88881758_2_41_0_830697_1339800&from=searchresults",
  "image_url": "https://cf.bstatic.com/xdata/images/hotel/square240/550249154.webp?k=7ccc8c1af3a5d3aa9b77fb834e224a9e2c0ab054514f2b4d7d21be71d4f9dd97&o=",
  "price": "13,398",
  "price_numeric": 13398.0,
  "rating": null,
  "rating_numeric": null,
  "reviews_count": null,
  "reviews_count_numeric": null,
  "source": "html",
  "scraped_at": "2025-08-07T16:28:10.063483",
  "search_destination": "Mumbai",
  "search_checkin": "2025-08-20",
  "search_checkout": "2025-08-22"
},
{
  "name": "The Ambassador, Marine Drive, Mumbai",
  "location": "Churchgate, Mumbai (Mumbai Historical And Heritage)",
  "url": "https://www.booking.com/hotel/in/the-ambassador.en-gb.html?aid=304142&label=gen173nr-10CAQoggJCDXNlYXJjaF9tdW1iYWlICVgEaGyIAQGYATO4ARfIAQzYAQPoAQH4AQGIAgGoAgG4AsCN0sQGwAIB0gIkOWIxMjYzYTktNGI5Yy00ODRiLTg1YTMtNmM0NjU4ZTc4ZGU32AIB4AIB&ucfs=1&arphpl=1&checkin=2025-08-20&checkout=2025-08-22&group_adults=2&req_adults=2&no_rooms=1&group_children=0&req_children=0&hpos=11&hapos=11&sr_order=popularity&srpvid=b7054d20ed6c038a&srepoch=1754564290&all_sr_blocks=26424903_415344809_2_42_0&highlighted_blocks=26424903_415344809_2_42_0&matching_block_id=26424903_415344809_2_42_0&sr_pri_blocks=26424903_415344809_2_42_0__2130000&from=searchresults",
  "image_url": "https://cf.bstatic.com/xdata/images/hotel/square240/304597545.webp?k=ef40c574c23e32f0068b6b9e0a9f0e7419bb07709d0cf6e44e12edc1a2d6e8bc&o=",
  "price": "21,300",
  "price_numeric": 21300.0,
  "rating": null,
  "rating_numeric": null,
  "reviews_count": null,
  "reviews_count_numeric": null,
  "source": "html",
  "scraped_at": "2025-08-07T16:28:10.064180",
  "search_destination": "Mumbai",
  "search_checkin": "2025-08-20",
  "search_checkout": "2025-08-22"
},
{
  "name": "Asar Elite - Sea View by Orion Hotels",
  "location": "Juhu, Mumbai (Western Suburbs)",
  "url": "https://www.booking.com/hotel/in/the-orion-juhu.en-gb.html?aid=304142&label=gen173nr-10CAQoggJCDXNlYXJjaF9tdW1iYWlICVgEaGyIAQGYATO4ARfIAQzYAQPoAQH4AQGIAgGoAgG4AsCN0sQGwAIB0gIkOWIxMjYzYTktNGI5Yy00ODRiLTg1YTMtNmM0NjU4ZTc4ZGU32AIB4AIB&ucfs=1&arphpl=1&checkin=2025-08-20&checkout=2025-08-22&group_adults=2&req_adults=2&no_rooms=1&group_children=0&req_children=0&hpos=12&hapos=12&sr_order=popularity&srpvid=b7054d20ed6c038a&srepoch=1754564290&all_sr_blocks=1331919306_417724783_2_42_0&highlighted_blocks=1331919306_417724783_2_42_0&matching_block_id=1331919306_417724783_2_42_0&sr_pri_blocks=1331919306_417724783_2_42_0__1299870&from=searchresults",
  "image_url": "https://cf.bstatic.com/xdata/images/hotel/square240/669203708.webp?k=da9ffca5c11b5da7ea2a6a0b608c12581388ad575adaef99f457e231ea22889f&o=",
  "price": "12,999",
  "price_numeric": 12999.0,
  "rating": null,
  "rating_numeric": null,
  "reviews_count": null,
  "reviews_count_numeric": null,
  "source": "html",
  "scraped_at": "2025-08-07T16:28:10.064854",
  "search_destination": "Mumbai",
  "search_checkin": "2025-08-20",
  "search_checkout": "2025-08-22"
},
{
  "name": "Grand Hyatt Mumbai Hotel and Residences",
  "location": "Santacruz, Mumbai (Western Suburbs)",
  "url": "https://www.booking.com/hotel/in/grand-hyatt.en-gb.html?aid=304142&label=gen173nr-10CAQoggJCDXNlYXJjaF9tdW1iYWlICVgEaGyIAQGYATO4ARfIAQzYAQPoAQH4AQGIAgGoAgG4AsCN0sQGwAIB0gIkOWIxMjYzYTktNGI5Yy00ODRiLTg1YTMtNmM0NjU4ZTc4ZGU32AIB4AIB&ucfs=1&arphpl=1&checkin=2025-08-20&checkout=2025-08-22&group_adults=2&req_adults=2&no_rooms=1&group_children=0&req_children=0&hpos=13&hapos=13&sr_order=popularity&srpvid=b7054d20ed6c038a&srepoch=1754564290&all_sr_blocks=39041918_330503985_2_42_0&highlighted_blocks=39041918_330503985_2_42_0&matching_block_id=39041918_330503985_2_42_0&sr_pri_blocks=39041918_330503985_2_42_0__2818600&from=searchresults",
  "image_url": "https://cf.bstatic.com/xdata/images/hotel/square240/720185063.webp?k=8e51cad0063de058cdd49329d5e02c7ca622139251949d182c96c9bb2d33fe6b&o=",
  "price": "28,186",
  "price_numeric": 28186.0,
  "rating": null,
  "rating_numeric": null,
  "reviews_count": null,
  "reviews_count_numeric": null,
  "source": "html",
  "scraped_at": "2025-08-07T16:28:10.065510",
  "search_destination": "Mumbai",
  "search_checkin": "2025-08-20",
  "search_checkout": "2025-08-22"
},
{
  "name": "Aurika, Mumbai International Airport",
  "location": "Western Suburbs, Mumbai (Andheri)",
  "url": "https://www.booking.com/hotel/in/aurika-mumbai-skycity.en-gb.html?aid=304142&label=gen173nr-10CAQoggJCDXNlYXJjaF9tdW1iYWlICVgEaGyIAQGYATO4ARfIAQzYAQPoAQH4AQGIAgGoAgG4AsCN0sQGwAIB0gIkOWIxMjYzYTktNGI5Yy00ODRiLTg1YTMtNmM0NjU4ZTc4ZGU32AIB4AIB&ucfs=1&arphpl=1&checkin=2025-08-20&checkout=2025-08-22&group_adults=2&req_adults=2&no_rooms=1&group_children=0&req_children=0&hpos=14&hapos=14&sr_order=popularity&srpvid=b7054d20ed6c038a&srepoch=1754564290&all_sr_blocks=1067986101_408968908_2_0_0_1132287&highlighted_blocks=1067986101_408968908_2_0_0_1132287&matching_block_id=1067986101_408968908_2_0_0_1132287&sr_pri_blocks=1067986101_408968908_2_0_0_1132287_2025000&from=searchresults",
  "image_url": "https://cf.bstatic.com/xdata/images/hotel/square240/530661047.webp?k=a398aba8652a73144aa40e678e5050420b5f0124876aad03059b1408ff8bed97&o=",
  "price": "20,250",
  "price_numeric": 20250.0,
  "rating": null,
  "rating_numeric": null,
  "reviews_count": null,
  "reviews_count_numeric": null,
  "source": "html",
  "scraped_at": "2025-08-07T16:28:10.066171",
  "search_destination": "Mumbai",
  "search_checkin": "2025-08-20",
  "search_checkout": "2025-08-22"
},
{
  "name": "InterContinental Marine Drive Mumbai by IHG",
  "location": "Churchgate, Mumbai (Mumbai Historical And Heritage)",
  "url": "https://www.booking.com/hotel/in/intercontinental-marine-drive-mumbai.en-gb.html?aid=304142&label=gen173nr-10CAQoggJCDXNlYXJjaF9tdW1iYWlICVgEaGyIAQGYATO4ARfIAQzYAQPoAQH4AQGIAgGoAgG4AsCN0sQGwAIB0gIkOWIxMjYzYTktNGI5Yy00ODRiLTg1YTMtNmM0NjU4ZTc4ZGU32AIB4AIB&ucfs=1&arphpl=1&checkin=2025-08-20&checkout=2025-08-22&group_adults=2&req_adults=2&no_rooms=1&group_children=0&req_children=0&hpos=15&hapos=15&sr_order=popularity&srpvid=b7054d20ed6c038a&srepoch=1754564290&all_sr_blocks=23778621_277281952_2_2_0&highlighted_blocks=23778621_277281952_2_2_0&matching_block_id=23778621_277281952_2_2_0&sr_pri_blocks=23778621_277281952_2_2_0__2872820&from=searchresults",
  "image_url": "https://cf.bstatic.com/xdata/images/hotel/square240/245805125.webp?k=3dac496919376bbaa5fb7a5167ec6e2621794af29c97e42fbf76b4fa07abe560&o=",
  "price": "28,728",
  "price_numeric": 28728.0,
  "rating": null,
  "rating_numeric": null,
  "reviews_count": null,
  "reviews_count_numeric": null,
  "source": "html",
  "scraped_at": "2025-08-07T16:28:10.066885",
  "search_destination": "Mumbai",
  "search_checkin": "2025-08-20",
  "search_checkout": "2025-08-22"
},
{
  "name": "Theory9 Premium Service Apartments Khar",
  "location": "Khar, Mumbai (Western Suburbs)",
  "url": "https://www.booking.com/hotel/in/samyakth-bliss-by-casa-royale.en-gb.html?aid=304142&label=gen173nr-10CAQoggJCDXNlYXJjaF9tdW1iYWlICVgEaGyIAQGYATO4ARfIAQzYAQPoAQH4AQGIAgGoAgG4AsCN0sQGwAIB0gIkOWIxMjYzYTktNGI5Yy00ODRiLTg1YTMtNmM0NjU4ZTc4ZGU32AIB4AIB&ucfs=1&arphpl=1&checkin=2025-08-20&checkout=2025-08-22&group_adults=2&req_adults=2&no_rooms=1&group_children=0&req_children=0&hpos=16&hapos=16&sr_order=popularity&srpvid=b7054d20ed6c038a&srepoch=1754564290&all_sr_blocks=315014801_375589986_2_0_0_376049&highlighted_blocks=315014801_375589986_2_0_0_376049&matching_block_id=315014801_375589986_2_0_0_376049&sr_pri_blocks=315014801_375589986_2_0_0_376049_1265229&from=searchresults",
  "image_url": "https://cf.bstatic.com/xdata/images/hotel/square240/695913275.webp?k=f71a64bcb6bb75b71e97b14bb06e2972576aec4a93f5ed71805f3037b08c20a3&o=",
  "price": "12,652",
  "price_numeric": 12652.0,
  "rating": null,
  "rating_numeric": null,
  "reviews_count": null,
  "reviews_count_numeric": null,
  "source": "html",
  "scraped_at": "2025-08-07T16:28:10.067569",
  "search_destination": "Mumbai",
  "search_checkin": "2025-08-20",
  "search_checkout": "2025-08-22"
},
{
  "name": "FabHotel Royal International - Nr Mumbai International Airport",
  "location": "Western Suburbs, Mumbai (Andheri)",
  "url": "https://www.booking.com/hotel/in/fabhotel-ri-mumbai-international-airport.en-gb.html?aid=304142&label=gen173nr-10CAQoggJCDXNlYXJjaF9tdW1iYWlICVgEaGyIAQGYATO4ARfIAQzYAQPoAQH4AQGIAgGoAgG4AsCN0sQGwAIB0gIkOWIxMjYzYTktNGI5Yy00ODRiLTg1YTMtNmM0NjU4ZTc4ZGU32AIB4AIB&ucfs=1&arphpl=1&checkin=2025-08-20&checkout=2025-08-22&group_adults=2&req_adults=2&no_rooms=1&group_children=0&req_children=0&hpos=17&hapos=17&sr_order=popularity&srpvid=b7054d20ed6c038a&srepoch=1754564290&all_sr_blocks=1043357701_410204806_2_2_0_879767&highlighted_blocks=1043357701_410204806_2_2_0_879767&matching_block_id=1043357701_410204806_2_2_0_879767&sr_pri_blocks=1043357701_410204806_2_2_0_879767_516976&from=searchresults",
  "image_url": "https://cf.bstatic.com/xdata/images/hotel/square240/644243816.webp?k=b696e7c80742f0ea2434cb81e03aed02a971d36e97da96ec526cfc656b28aa2c&o=",
  "price": "5,170",
  "price_numeric": 5170.0,
  "rating": null,
  "rating_numeric": null,
  "reviews_count": null,
  "reviews_count_numeric": null,
  "source": "html",
  "scraped_at": "2025-08-07T16:28:10.068272",
  "search_destination": "Mumbai",
  "search_checkin": "2025-08-20",
  "search_checkout": "2025-08-22"
},
{
  "name": "President - IHCL SeleQtions",
  "location": "South Mumbai, Mumbai (Mumbai Historical And Heritage)",
  "url": "https://www.booking.com/hotel/in/taj-president.en-gb.html?aid=304142&label=gen173nr-10CAQoggJCDXNlYXJjaF9tdW1iYWlICVgEaGyIAQGYATO4ARfIAQzYAQPoAQH4AQGIAgGoAgG4AsCN0sQGwAIB0gIkOWIxMjYzYTktNGI5Yy00ODRiLTg1YTMtNmM0NjU4ZTc4ZGU32AIB4AIB&ucfs=1&arphpl=1&checkin=2025-08-20&checkout=2025-08-22&group_adults=2&req_adults=2&no_rooms=1&group_children=0&req_children=0&hpos=18&hapos=18&sr_order=popularity&srpvid=b7054d20ed6c038a&srepoch=1754564290&all_sr_blocks=7473602_414243834_2_2_0&highlighted_blocks=7473602_414243834_2_2_0&matching_block_id=7473602_414243834_2_2_0&sr_pri_blocks=7473602_414243834_2_2_0__2550000&from_sustainable_property_sr=1&from=searchresults",
  "image_url": "https://cf.bstatic.com/xdata/images/hotel/square240/636133667.webp?k=074ac8c077245966253ef247fc707375565882dfbbcb9b5da45fd31bfd4c46c8&o=",
  "price": "25,500",
  "price_numeric": 25500.0,
  "rating": null,
  "rating_numeric": null,
  "reviews_count": null,
  "reviews_count_numeric": null,
  "source": "html",
  "scraped_at": "2025-08-07T16:28:10.068969",
  "search_destination": "Mumbai",
  "search_checkin": "2025-08-20",
  "search_checkout": "2025-08-22"
},
{
  "name": "Hotel Suba Galaxy Mumbai",
  "location": "Western Suburbs, Mumbai (Andheri)",
  "url": "https://www.booking.com/hotel/in/suba-galaxy.en-gb.html?aid=304142&label=gen173nr-10CAQoggJCDXNlYXJjaF9tdW1iYWlICVgEaGyIAQGYATO4ARfIAQzYAQPoAQH4AQGIAgGoAgG4AsCN0sQGwAIB0gIkOWIxMjYzYTktNGI5Yy00ODRiLTg1YTMtNmM0NjU4ZTc4ZGU32AIB4AIB&ucfs=1&arphpl=1&checkin=2025-08-20&checkout=2025-08-22&group_adults=2&req_adults=2&no_rooms=1&group_children=0&req_children=0&hpos=19&hapos=19&sr_order=popularity&srpvid=b7054d20ed6c038a&srepoch=1754564290&all_sr_blocks=32855301_402814644_2_42_0_907165&highlighted_blocks=32855301_402814644_2_42_0_907165&matching_block_id=32855301_402814644_2_42_0_907165&sr_pri_blocks=32855301_402814644_2_42_0_907165_1292280&from=searchresults",
  "image_url": "https://cf.bstatic.com/xdata/images/hotel/square240/63526409.webp?k=7ee8fb71ff34b0a2bafa4038d443b459dab2d185818fe288b7a92ef1a3cfeb1a&o=",
  "price": "12,923",
  "price_numeric": 12923.0,
  "rating": null,
  "rating_numeric": null,
  "reviews_count": null,
  "reviews_count_numeric": null,
  "source": "html",
  "scraped_at": "2025-08-07T16:28:10.069613",
  "search_destination": "Mumbai",
  "search_checkin": "2025-08-20",
  "search_checkout": "2025-08-22"
},
{
  "name": "Hotel Zara International",
  "location": "Western Suburbs, Mumbai (Andheri)",
  "url": "https://www.booking.com/hotel/in/zara-international.en-gb.html?aid=304142&label=gen173nr-10CAQoggJCDXNlYXJjaF9tdW1iYWlICVgEaGyIAQGYATO4ARfIAQzYAQPoAQH4AQGIAgGoAgG4AsCN0sQGwAIB0gIkOWIxMjYzYTktNGI5Yy00ODRiLTg1YTMtNmM0NjU4ZTc4ZGU32AIB4AIB&ucfs=1&arphpl=1&checkin=2025-08-20&checkout=2025-08-22&group_adults=2&req_adults=2&no_rooms=1&group_children=0&req_children=0&hpos=20&hapos=20&sr_order=popularity&srpvid=b7054d20ed6c038a&srepoch=1754564290&all_sr_blocks=1311061109_405887317_2_2_0&highlighted_blocks=1311061109_405887317_2_2_0&matching_block_id=1311061109_405887317_2_2_0&sr_pri_blocks=1311061109_405887317_2_2_0__528000&from=searchresults",
  "image_url": "https://cf.bstatic.com/xdata/images/hotel/square240/629613094.webp?k=0a965ecc0d32e31e546aaf03a7c05e2de2bc6f79198b59589e2f722b0965a9bc&o=",
  "price": "5,280",
  "price_numeric": 5280.0,
  "rating": null,
  "rating_numeric": null,
  "reviews_count": null,
  "reviews_count_numeric": null,
  "source": "html",
  "scraped_at": "2025-08-07T16:28:10.070242",
  "search_destination": "Mumbai",
  "search_checkin": "2025-08-20",
  "search_checkout": "2025-08-22"
},
{
  "name": "Residency Hotel Fort",
  "location": "South Mumbai, Mumbai (Mumbai Historical And Heritage)",
  "url": "https://www.booking.com/hotel/in/residency-mumbai.en-gb.html?aid=304142&label=gen173nr-10CAQoggJCDXNlYXJjaF9tdW1iYWlICVgEaGyIAQGYATO4ARfIAQzYAQPoAQH4AQGIAgGoAgG4AsCN0sQGwAIB0gIkOWIxMjYzYTktNGI5Yy00ODRiLTg1YTMtNmM0NjU4ZTc4ZGU32AIB4AIB&ucfs=1&arphpl=1&checkin=2025-08-20&checkout=2025-08-22&group_adults=2&req_adults=2&no_rooms=1&group_children=0&req_children=0&hpos=21&hapos=21&sr_order=popularity&srpvid=b7054d20ed6c038a&srepoch=1754564290&all_sr_blocks=24809401_399037522_2_1_0&highlighted_blocks=24809401_399037522_2_1_0&matching_block_id=24809401_399037522_2_1_0&sr_pri_blocks=24809401_399037522_2_1_0__1577880&from=searchresults",
  "image_url": "https://cf.bstatic.com/xdata/images/hotel/square240/644140906.webp?k=aeaa95852a0885d81143f9c640321f5e6b59f11b7ffa9a386796f6752f769064&o=",
  "price": "15,779",
  "price_numeric": 15779.0,
  "rating": null,
  "rating_numeric": null,
  "reviews_count": null,
  "reviews_count_numeric": null,
  "source": "html",
  "scraped_at": "2025-08-07T16:28:10.070846",
  "search_destination": "Mumbai",
  "search_checkin": "2025-08-20",
  "search_checkout": "2025-08-22"
},
{
  "name": "Hotel Skylink Hospitality Mahalaxmi",
  "location": "Central, Mumbai (Central)",
  "url": "https://www.booking.com/hotel/in/skylink-hospitality-mumbai1.en-gb.html?aid=304142&label=gen173nr-10CAQoggJCDXNlYXJjaF9tdW1iYWlICVgEaGyIAQGYATO4ARfIAQzYAQPoAQH4AQGIAgGoAgG4AsCN0sQGwAIB0gIkOWIxMjYzYTktNGI5Yy00ODRiLTg1YTMtNmM0NjU4ZTc4ZGU32AIB4AIB&ucfs=1&arphpl=1&checkin=2025-08-20&checkout=2025-08-22&group_adults=2&req_adults=2&no_rooms=1&group_children=0&req_children=0&hpos=22&hapos=22&sr_order=popularity&srpvid=b7054d20ed6c038a&srepoch=1754564290&all_sr_blocks=1382517002_410317895_0_41_0_1145336&highlighted_blocks=1382517002_410317895_0_41_0_1145336&matching_block_id=1382517002_410317895_0_41_0_1145336&sr_pri_blocks=1382517002_410317895_0_41_0_1145336_1006274&from=searchresults",
  "image_url": "https://cf.bstatic.com/xdata/images/hotel/square240/662996091.webp?k=0054b3f1f852324dc953aef5d9ee8f6f429bc8f957acb7058ce1e97845b08d2f&o=",
  "price": "10,063",
  "price_numeric": 10063.0,
  "rating": null,
  "rating_numeric": null,
  "reviews_count": null,
  "reviews_count_numeric": null,
  "source": "html",
  "scraped_at": "2025-08-07T16:28:10.071453",
  "search_destination": "Mumbai",
  "search_checkin": "2025-08-20",
  "search_checkout": "2025-08-22"
},
{
  "name": "Trident Nariman Point",
  "location": "Nariman Point, Mumbai (Nariman Point)",
  "url": "https://www.booking.com/hotel/in/trident-nariman-point.en-gb.html?aid=304142&label=gen173nr-10CAQoggJCDXNlYXJjaF9tdW1iYWlICVgEaGyIAQGYATO4ARfIAQzYAQPoAQH4AQGIAgGoAgG4AsCN0sQGwAIB0gIkOWIxMjYzYTktNGI5Yy00ODRiLTg1YTMtNmM0NjU4ZTc4ZGU32AIB4AIB&ucfs=1&arphpl=1&checkin=2025-08-20&checkout=2025-08-22&group_adults=2&req_adults=2&no_rooms=1&group_children=0&req_children=0&hpos=23&hapos=23&sr_order=popularity&srpvid=b7054d20ed6c038a&srepoch=1754564290&all_sr_blocks=7879403_364831139_2_2_0&highlighted_blocks=7879403_364831139_2_2_0&matching_block_id=7879403_364831139_2_2_0&sr_pri_blocks=7879403_364831139_2_2_0__3200000&from=searchresults",
  "image_url": "https://cf.bstatic.com/xdata/images/hotel/square240/604298804.webp?k=3699f759d6450c4da8e45e9502ee6be990768a59d6ee62ef0b8dc84d261e4bba&o=",
  "price": "32,000",
  "price_numeric": 32000.0,
  "rating": null,
  "rating_numeric": null,
  "reviews_count": null,
  "reviews_count_numeric": null,
  "source": "html",
  "scraped_at": "2025-08-07T16:28:10.072086",
  "search_destination": "Mumbai",
  "search_checkin": "2025-08-20",
  "search_checkout": "2025-08-22"
},
{
  "name": "Hotel Bawa Continental",
  "location": "Juhu, Mumbai (Western Suburbs)",
  "url": "https://www.booking.com/hotel/in/bawa-continental.en-gb.html?aid=304142&label=gen173nr-10CAQoggJCDXNlYXJjaF9tdW1iYWlICVgEaGyIAQGYATO4ARfIAQzYAQPoAQH4AQGIAgGoAgG4AsCN0sQGwAIB0gIkOWIxMjYzYTktNGI5Yy00ODRiLTg1YTMtNmM0NjU4ZTc4ZGU32AIB4AIB&ucfs=1&arphpl=1&checkin=2025-08-20&checkout=2025-08-22&group_adults=2&req_adults=2&no_rooms=1&group_children=0&req_children=0&hpos=24&hapos=24&sr_order=popularity&srpvid=b7054d20ed6c038a&srepoch=1754564290&all_sr_blocks=24453801_88873567_2_2_0_776749&highlighted_blocks=24453801_88873567_2_2_0_776749&matching_block_id=24453801_88873567_2_2_0_776749&sr_pri_blocks=24453801_88873567_2_2_0_776749_990000&from=searchresults",
  "image_url": "https://cf.bstatic.com/xdata/images/hotel/square240/189285663.webp?k=9e85cb9f91c4e5130c8b1ff6bd95438e7e1fd8c4dbcc27554c24c35f9dc21f9f&o=",
  "price": "9,900",
  "price_numeric": 9900.0,
  "rating": null,
  "rating_numeric": null,
  "reviews_count": null,
  "reviews_count_numeric": null,
  "source": "html",
  "scraped_at": "2025-08-07T16:28:10.072637",
  "search_destination": "Mumbai",
  "search_checkin": "2025-08-20",
  "search_checkout": "2025-08-22"
},
{
  "name": "FabHotel BKC Anex",
  "location": "Bandra Kurla Complex, Mumbai (Bandra Kurla Complex)",
  "url": "https://www.booking.com/hotel/in/new-bkc-anex.en-gb.html?aid=304142&label=gen173nr-10CAQoggJCDXNlYXJjaF9tdW1iYWlICVgEaGyIAQGYATO4ARfIAQzYAQPoAQH4AQGIAgGoAgG4AsCN0sQGwAIB0gIkOWIxMjYzYTktNGI5Yy00ODRiLTg1YTMtNmM0NjU4ZTc4ZGU32AIB4AIB&ucfs=1&arphpl=1&checkin=2025-08-20&checkout=2025-08-22&group_adults=2&req_adults=2&no_rooms=1&group_children=0&req_children=0&hpos=25&hapos=25&sr_order=popularity&srpvid=b7054d20ed6c038a&srepoch=1754564290&all_sr_blocks=1219589005_415468128_0_2_0&highlighted_blocks=1219589005_415468128_0_2_0&matching_block_id=1219589005_415468128_0_2_0&sr_pri_blocks=1219589005_415468128_0_2_0__419496&from=searchresults",
  "image_url": "https://cf.bstatic.com/xdata/images/hotel/square240/699154037.webp?k=52be5d3cb90019b874ea77594bb8d9b05173f3e31899a8c7caa388533779f678&o=",
  "price": "4,195",
  "price_numeric": 4195.0,
  "rating": null,
  "rating_numeric": null,
  "reviews_count": null,
  "reviews_count_numeric": null,
  "source": "html",
  "scraped_at": "2025-08-07T16:28:10.073263",
  "search_destination": "Mumbai",
  "search_checkin": "2025-08-20",
  "search_checkout": "2025-08-22"
}
]